{"cameraMode":{"drawMode":31,"name":"Sprite Mask","section":"Miscellaneous"},"sceneLighting":true,"audioPlay":false,"sceneViewState":{"showFog":true,"showMaterialUpdate":false,"showSkybox":true,"showFlares":true,"showImageEffects":true,"showParticleSystems":true},"in2DMode":false,"pivot":{"x":-9.187204360961914,"y":1.125589370727539,"z":3.59249210357666},"rotation":{"x":-0.1793813556432724,"y":0.55983567237854,"z":-0.12566620111465455,"w":-0.7991331815719605},"size":24.016998291015626,"orthographic":false}